{
  "effects": {
    "mood_sound": {
      "sound": "minecraft:ambient.cave",
      "tick_delay": 6000,
      "block_search_extent": 8,
      "offset": 2
    },
    "sky_color": 7907327,
    "fog_color": 12638463,
    "water_color": 4159204,
    "water_fog_color": 329011
  },
  "carvers": {
    "air": [
      "minecraft:cave",
      "minecraft:canyon"
    ]
  },
  "features": [
    [],
    [
      "minecraft:iceberg_packed",
      "minecraft:jungle_bush",
      "minecraft:mega_spruce_checked",
      "minecraft:oak",
      "minecraft:ore_blackstone",
      "minecraft:ore_diamond",
      "minecraft:patch_grass_badlands"
    ],
    [
      "minecraft:brown_mushroom_old_growth",
      "minecraft:cave_vines",
      "minecraft:flower_flower_forest",
      "minecraft:fossil_lower",
      "minecraft:patch_berry_bush"
    ],
    [
      "minecraft:monster_room",
      "minecraft:nether_sprouts",
      "minecraft:ore_ancient_debris_large"
    ],
    [
      "minecraft:birch_bees_0002",
      "minecraft:cave_vines",
      "minecraft:flower_flower_forest"
    ],
    [],
    [
      "minecraft:bamboo_vegetation",
      "minecraft:disk_clay",
      "minecraft:flower_plains"
    ],
    [],
    [
      "minecraft:spring_water",
      "minecraft:spring_lava"
    ],
    [
      "minecraft:flower_plains",
      "minecraft:glow_lichen",
      "minecraft:patch_grass_plain",
      "minecraft:patch_pumpkin",
      "minecraft:patch_sugar_cane",
      "minecraft:patch_tall_grass_2",
      "minecraft:trees_plains"
    ],
    []
  ],
  "spawners": {
    "monster": [],
    "creature": [
      {
        "type": "minecraft:sheep",
        "weight": 12,
        "minCount": 4,
        "maxCount": 4
      },
      {
        "type": "minecraft:pig",
        "weight": 10,
        "minCount": 4,
        "maxCount": 4
      },
      {
        "type": "minecraft:chicken",
        "weight": 10,
        "minCount": 4,
        "maxCount": 4
      },
      {
        "type": "minecraft:cow",
        "weight": 8,
        "minCount": 4,
        "maxCount": 4
      },
      {
        "type": "minecraft:horse",
        "weight": 5,
        "minCount": 2,
        "maxCount": 6
      },
      {
        "type": "minecraft:donkey",
        "weight": 1,
        "minCount": 1,
        "maxCount": 3
      }
    ],
    "ambient": [],
    "axolotls": [],
    "underground_water_creature": [
      {
        "type": "minecraft:glow_squid",
        "weight": 10,
        "minCount": 4,
        "maxCount": 6
      }
    ],
    "water_creature": [],
    "water_ambient": [],
    "misc": []
  },
  "spawn_costs": {},
  "precipitation": "none",
  "temperature": 0.8,
  "downfall": 0.3,
  "category": "plains"
}